Nome,Idade,Sexo,Registro
Jordan Baker,65,M,8252
Michael Alexander,51,M,8002
Dawn Vaughan,62,F,5666
Stephanie Johnson,48,F,8673
Adam Goodman,28,M,2040
Amber Summers,35,F,1463
Ricardo Johnson,60,M,4477
Laura Miller,66,F,2650
Andrew Larson,35,M,9957
Crystal Cook,46,F,5643
Lauren Fitzgerald,32,F,7287
Peter Harrison,50,M,7828
Tiffany Allen,70,F,7936
Malik Schultz,43,M,5815
Carolyn Johnson,55,F,4605
Wesley Sullivan,25,M,9022
Lindsay Singh,47,F,9215
Jerry Moore,37,M,1119
Ray Fisher,53,M,7674
Heather Smith,55,F,2018
Leslie Gonzalez,37,F,6130
Sherry Cardenas,25,F,2260
Holly Griffin,63,F,4394
Gina Franklin,68,F,1839
Linda Jordan,62,F,9268
Barbara Oliver,57,F,6519
Crystal King,41,F,3238
Anthony Ray,35,M,5778
Brian Jimenez,29,M,7437
Troy Smith,54,M,7729
Gabriella Smith,25,F,3712
Nicole James,40,F,9672
Travis Brown,44,M,6832
Jose Wood DDS,41,M,2188
Michelle Eaton,26,F,2305
Andrew Mathews,53,M,3475
Jennifer Fleming,69,F,2981
Jordan Wells,34,M,8195
Tyler Maxwell,68,M,1999
Diana Wilkerson,44,F,4201
Mr. Andrew Baker,28,M,5342
Carlos Powell,61,M,4006
Debbie Buchanan,58,F,7472
David Perry,47,M,1476
Thomas White,56,M,6862
Cameron Carter,25,M,5599
Thomas Lee,37,M,1238
Terri Klein,66,F,1844
Kim Hebert,32,F,3957
John Crane,49,M,1581
Veronica Wright,34,F,9181
John Lopez,28,M,7754
Jeffery Anderson,53,M,2264
David Williams,36,M,5831
Dawn Simmons,63,F,3938
Adriana Peterson,29,F,1047
Carla Kelley,70,F,1804
Makayla Bowen,33,F,2114
Vicki Price,30,F,7811
Jennifer Lee,30,F,6333
Diana Roman,39,F,3786
Tamara Schultz,54,F,5506
Jillian Weiss,59,F,8390
Rachel Stevens,47,F,2170
James Gonzalez,50,M,4271
Michelle Baker,49,F,5402
Andrew Nielsen,65,M,8567
Bryan Simmons,69,M,3205
Jason Richardson,51,M,5295
Molly Walker,62,F,7471
Brian Anderson,41,M,6257
Sarah Trujillo,63,F,4062
Sarah Davis,68,F,1293
Christina Martin,39,F,1892
Juan Peterson,46,M,9651
Collin Davis,53,M,1444
Lisa Burns,65,F,6329
Roger Sanchez,45,M,1759
Kevin Cooper,30,M,6895
Sara Henry,50,F,2041
Elizabeth Gonzalez,49,F,4786
Jonathan Roberts,40,M,3033
Johnathan Fleming,57,M,6792
Caitlin Gutierrez,60,F,5772
Albert Farmer,34,M,6341
Reginald Johnson,52,M,2879
Kelly Mendoza,42,F,3090
Angelica Mitchell,49,F,7140
Ashlee Valdez,33,F,6590
Miss Patricia Butler DVM,25,F,9451
Jennifer Burton,61,F,8376
Cheryl Villanueva,47,F,6527
Ashley Smith MD,55,F,8892
Joseph Fernandez,35,M,2538
Kayla Andrews,55,F,3240
Joann Anderson,54,F,9386
Scott Yates,61,M,4002
Evan Burns,60,M,9271
Lisa Lee,70,F,1576
Patrick Barker,60,M,7622
Mr. Raymond Ward,57,M,3935
Tammy Caldwell,32,F,8029
Kristy Oneill,31,F,9360
Laurie Mendoza,30,F,8981
Patrick Lopez,32,M,1695
Laura Obrien,26,F,3005
Tara Jackson,56,F,2114
Holly Jackson,32,F,3126
Kathleen Vargas,31,F,6870
Adam Russell,49,M,9661
Danielle Harrington,32,F,3896
Tina Cooper,34,F,8889
Shelby Colon,53,F,7177
Robert Williams,54,M,7013
Charles Mercer,35,M,4020
Samantha Wilson,66,F,6085
Frank Payne,27,M,6766
Brandon Mills,34,M,6224
Jason Stephens,62,M,2296
Rebecca Jackson,32,F,7926
Jenna Porter,69,F,4738
Johnny Oconnell,40,M,4403
Renee Harper,45,F,5896
Teresa Lewis,40,F,7500
Sheryl Crawford,33,F,4839
Gregory Woods,69,M,1898
Scott Taylor,29,M,4882
Tara Gonzales,50,F,8759
Jake Simmons,62,M,3890
Kristin Spence,29,F,9329
Anthony Ibarra,53,M,2359
Christopher Gardner,49,M,1595
Sonya Hawkins,26,F,4731
Virginia Miles,62,F,6231
Rebecca Miller,46,F,7216
Erika Mullins,47,F,1373
Mary White,58,F,8773
Robyn Lopez,40,F,5680
Jerry Smith,33,M,9303
Jeanette Salazar DDS,40,F,8120
Nicole Wood,27,F,3385
Erica Weaver,25,F,4909
Phyllis Mullen,67,F,5540
Lisa Diaz,38,F,5045
Nancy Gonzalez,26,F,8652
Michael Carter,70,M,7431
Steven Kidd,65,M,1494
Todd Merritt,62,M,4476
David Cohen,37,M,9272
Ethan Mcclure,57,M,9339
Michael Taylor,26,M,8063
Tami Schroeder,26,F,9838
Michael Jacobson,59,M,9055
Laura Anderson,41,F,1977
Tanya Mcdaniel,64,F,2742
Alyssa Greene,48,F,6233
Mrs. Katherine Robertson,45,F,4854
Ashley Williams,63,F,9958
Matthew Walker,36,M,2893
Jake Thomas,51,M,3217
Emily Hart,57,F,9200
Lisa Bowman,29,F,2496
Marvin Smith,31,M,6175
Barbara Summers,51,F,1378
William Hart,57,M,7208
James Kennedy,30,M,5363
Luis Martinez,62,M,7032
Gerald Haas,25,M,4065
Lori Lewis,70,F,1063
Ellen Mendoza,68,F,6911
Shari Perez,52,F,8622
Debra Steele,65,F,7470
David Webster,33,M,4575
Tiffany Ramos,49,F,9715
William Ferguson,47,M,8976
Ashley Olson,60,F,7853
David Moore,52,M,2319
Brian Ewing,25,M,5599
Heather Hughes,43,F,9931
Michael Kidd,49,M,5623
Toni Snyder,47,F,3471
Victoria Salinas,59,F,1978
Joseph Martin,47,M,3520
Sharon Simon,63,F,4359
Joe Smith DDS,60,M,8171
Jeffery Mendoza,32,M,7762
Sarah Stout,65,F,4495
David Evans,36,M,9543
Kimberly Meyers,67,F,8318
Vanessa Lee,42,F,5332
David Guerra,38,M,9741
Mark Mays,47,M,6846
Maria Morales,54,F,7618
Ronald Rocha,35,M,1158
Jordan Hart,26,F,1743
Kimberly Thompson,49,F,6688
Bryan Spencer,50,M,2834
Kara Mcguire,41,F,3697
Sean Ryan,41,M,2955
John Carter,67,M,8804
Heather Martinez,37,F,6995
Mrs. Danielle Rivera,40,F,3316
Mary Ruiz,27,F,8645
Andrew Jackson,69,M,5013
Christine Flores,63,F,2960
Randy Crawford,39,M,7666
Jillian Dodson,36,F,2113
Mr. Justin Hale DVM,61,M,6108
Maria Johnson,61,F,6180
Amy Lowe,51,F,3684
Randy Smith DDS,32,M,8631
Jacob Mcmahon,52,M,4987
Victoria Reyes,49,F,5554
Zachary Lynn,48,M,9249
Elizabeth Miller,57,F,5102
Melinda Johnson,64,F,2371
Tiffany Allen,60,F,6176
Julie Miller MD,30,F,6765
Kayla Potter,25,F,5354
Melanie Ortiz,32,F,9031
Jennifer Hendricks,51,F,7721
Tiffany Alexander,70,F,3023
Jon Murphy,57,M,8938
Andrew Hubbard,54,M,5884
Jerry Kim,48,M,2722
Jessica Salas,70,F,4639
Stephanie Boyer,60,F,2562
Amy Kirby,70,F,7864
Deanna Nichols,29,F,2931
Daryl Jackson,62,M,2467
Victor Garcia,58,M,8741
Terry Dixon,68,M,9885
Nancy Yates,34,F,6276
Justin Meyers,36,M,3390
Sarah Clark,37,F,8724
Joseph Peck,28,M,6860
Melody Hernandez,65,F,5024
Timothy Myers,60,M,3732
Robert Mays,70,M,5067
Eric Potts,59,M,6241
Jeffrey Heath,64,M,1130
Lisa Cooper,52,F,9749
Deborah Dyer,34,F,9729
Melissa Patterson,45,F,3429
Steven Gentry,32,M,8987
Matthew David,49,M,9929
Tanya Gilmore,33,F,9233
Alejandro Johnston,52,M,5597
Dawn Fernandez,41,F,9375
Steven James,56,M,2754
